[{"model": "admin.logentry", "pk": 1, "fields": {"action_time": "2025-04-28T10:11:06.894Z", "user": 4, "content_type": 9, "object_id": "12", "object_repr": "Әже - Grandmother", "action_flag": 2, "change_message": "[{\"changed\": {\"fields\": [\"Word ru\"]}}]"}}, {"model": "admin.logentry", "pk": 2, "fields": {"action_time": "2025-04-28T10:11:21.307Z", "user": 4, "content_type": 9, "object_id": "17", "object_repr": "Жасыл - Green", "action_flag": 2, "change_message": "[{\"changed\": {\"fields\": [\"Word ru\"]}}]"}}, {"model": "admin.logentry", "pk": 3, "fields": {"action_time": "2025-04-28T10:11:28.145Z", "user": 4, "content_type": 9, "object_id": "16", "object_repr": "Көк - Blue", "action_flag": 2, "change_message": "[{\"changed\": {\"fields\": [\"Word ru\"]}}]"}}, {"model": "admin.logentry", "pk": 4, "fields": {"action_time": "2025-04-28T10:11:37.185Z", "user": 4, "content_type": 9, "object_id": "3", "object_repr": "Қайырлы кеш - Good evening", "action_flag": 2, "change_message": "[{\"changed\": {\"fields\": [\"Word ru\"]}}]"}}, {"model": "admin.logentry", "pk": 5, "fields": {"action_time": "2025-04-28T10:11:48.025Z", "user": 4, "content_type": 9, "object_id": "2", "object_repr": "Қайырлы таң - Good morning", "action_flag": 2, "change_message": "[{\"changed\": {\"fields\": [\"Word ru\"]}}]"}}, {"model": "admin.logentry", "pk": 6, "fields": {"action_time": "2025-04-28T10:11:54.269Z", "user": 4, "content_type": 9, "object_id": "15", "object_repr": "Қызыл - Red", "action_flag": 2, "change_message": "[{\"changed\": {\"fields\": [\"Word ru\"]}}]"}}, {"model": "admin.logentry", "pk": 7, "fields": {"action_time": "2025-04-28T10:12:00.492Z", "user": 4, "content_type": 9, "object_id": "4", "object_repr": "Рахмет - Thank you", "action_flag": 2, "change_message": "[{\"changed\": {\"fields\": [\"Word ru\"]}}]"}}, {"model": "admin.logentry", "pk": 8, "fields": {"action_time": "2025-04-28T10:12:09.852Z", "user": 4, "content_type": 9, "object_id": "7", "object_repr": "Үш - Three", "action_flag": 2, "change_message": "[{\"changed\": {\"fields\": [\"Word ru\"]}}]"}}, {"model": "admin.logentry", "pk": 9, "fields": {"action_time": "2025-04-28T10:12:51.145Z", "user": 4, "content_type": 8, "object_id": "6", "object_repr": "Colors", "action_flag": 2, "change_message": "[{\"changed\": {\"fields\": [\"Name ru\"]}}]"}}, {"model": "admin.logentry", "pk": 10, "fields": {"action_time": "2025-04-28T17:03:30.949Z", "user": 4, "content_type": 6, "object_id": "7", "object_repr": "Family - Q1", "action_flag": 2, "change_message": "[{\"changed\": {\"fields\": [\"Question text ru\"]}}]"}}, {"model": "admin.logentry", "pk": 11, "fields": {"action_time": "2025-04-28T17:08:28.066Z", "user": 4, "content_type": 4, "object_id": "1", "object_repr": "A1 - Beginner", "action_flag": 2, "change_message": "[{\"changed\": {\"fields\": [\"Name ru\", \"Description ru\"]}}]"}}, {"model": "admin.logentry", "pk": 12, "fields": {"action_time": "2025-04-28T17:08:44.925Z", "user": 4, "content_type": 4, "object_id": "2", "object_repr": "A2 - Elementary", "action_flag": 2, "change_message": "[{\"changed\": {\"fields\": [\"Name ru\", \"Description ru\"]}}]"}}, {"model": "admin.logentry", "pk": 13, "fields": {"action_time": "2025-04-28T17:09:09.880Z", "user": 4, "content_type": 4, "object_id": "3", "object_repr": "B1 - Intermediate", "action_flag": 2, "change_message": "[{\"changed\": {\"fields\": [\"Name ru\", \"Description ru\"]}}]"}}, {"model": "admin.logentry", "pk": 14, "fields": {"action_time": "2025-04-28T17:09:30.059Z", "user": 4, "content_type": 4, "object_id": "4", "object_repr": "B2 - Upper Intermediate", "action_flag": 2, "change_message": "[{\"changed\": {\"fields\": [\"Name ru\", \"Description ru\"]}}]"}}, {"model": "admin.logentry", "pk": 15, "fields": {"action_time": "2025-04-28T17:13:34.900Z", "user": 4, "content_type": 5, "object_id": "1", "object_repr": "A1 - Beginner - Greetings", "action_flag": 2, "change_message": "[{\"changed\": {\"fields\": [\"Content\", \"Title ru\", \"Description ru\", \"Content ru\"]}}, {\"changed\": {\"name\": \"question\", \"object\": \"Greetings - Q1\", \"fields\": [\"Question text ru\"]}}, {\"changed\": {\"name\": \"question\", \"object\": \"Greetings - Q2\", \"fields\": [\"Question text ru\"]}}, {\"changed\": {\"name\": \"question\", \"object\": \"Greetings - Q3\", \"fields\": [\"Question text ru\"]}}]"}}, {"model": "admin.logentry", "pk": 16, "fields": {"action_time": "2025-04-28T17:16:39.548Z", "user": 4, "content_type": 5, "object_id": "2", "object_repr": "A1 - Beginner - Numbers", "action_flag": 2, "change_message": "[{\"changed\": {\"fields\": [\"Content\", \"Title ru\", \"Description ru\", \"Content ru\"]}}, {\"changed\": {\"name\": \"question\", \"object\": \"Numbers - Q1\", \"fields\": [\"Question text ru\"]}}, {\"changed\": {\"name\": \"question\", \"object\": \"Numbers - Q2\", \"fields\": [\"Question text ru\"]}}, {\"changed\": {\"name\": \"question\", \"object\": \"Numbers - Q3\", \"fields\": [\"Question text ru\"]}}]"}}, {"model": "admin.logentry", "pk": 17, "fields": {"action_time": "2025-04-28T17:23:21.752Z", "user": 4, "content_type": 5, "object_id": "3", "object_repr": "A2 - Elementary - Family", "action_flag": 2, "change_message": "[{\"changed\": {\"fields\": [\"Content\", \"Title ru\", \"Description ru\", \"Content ru\"]}}, {\"changed\": {\"name\": \"question\", \"object\": \"Family - Q2\", \"fields\": [\"Question text ru\"]}}, {\"changed\": {\"name\": \"question\", \"object\": \"Family - Q3\", \"fields\": [\"Question text ru\"]}}]"}}, {"model": "admin.logentry", "pk": 18, "fields": {"action_time": "2025-04-28T17:23:53.701Z", "user": 4, "content_type": 6, "object_id": "3", "object_repr": "Greetings - Q3", "action_flag": 2, "change_message": "[{\"changed\": {\"name\": \"answer\", \"object\": \"\\u0421\\u0435\\u043d\\u0456\\u04a3 \\u0430\\u0442\\u044b\\u04a3 \\u043a\\u0456\\u043c? (Incorrect)\", \"fields\": [\"Answer text ru\"]}}, {\"changed\": {\"name\": \"answer\", \"object\": \"\\u041c\\u0435\\u043d\\u0456\\u04a3 \\u0430\\u0442\\u044b\\u043c... (Incorrect)\", \"fields\": [\"Answer text ru\"]}}, {\"changed\": {\"name\": \"answer\", \"object\": \"\\u0421\\u0456\\u0437\\u0434\\u0456\\u04a3 \\u0430\\u0442\\u044b\\u04a3\\u044b\\u0437 \\u043a\\u0456\\u043c? (Correct)\", \"fields\": [\"Answer text ru\"]}}, {\"changed\": {\"name\": \"answer\", \"object\": \"\\u0422\\u0430\\u043d\\u044b\\u0441\\u049b\\u0430\\u043d\\u044b\\u043c\\u0430 \\u049b\\u0443\\u0430\\u043d\\u044b\\u0448\\u0442\\u044b\\u043c\\u044b\\u043d (Incorrect)\", \"fields\": [\"Answer text ru\"]}}]"}}, {"model": "admin.logentry", "pk": 19, "fields": {"action_time": "2025-04-28T17:24:15.800Z", "user": 4, "content_type": 6, "object_id": "6", "object_repr": "Numbers - Q3", "action_flag": 2, "change_message": "[{\"changed\": {\"name\": \"answer\", \"object\": \"2 (Incorrect)\", \"fields\": [\"Answer text ru\"]}}, {\"changed\": {\"name\": \"answer\", \"object\": \"4 (Correct)\", \"fields\": [\"Answer text ru\"]}}, {\"changed\": {\"name\": \"answer\", \"object\": \"6 (Incorrect)\", \"fields\": [\"Answer text ru\"]}}, {\"changed\": {\"name\": \"answer\", \"object\": \"8 (Incorrect)\", \"fields\": [\"Answer text ru\"]}}]"}}, {"model": "admin.logentry", "pk": 20, "fields": {"action_time": "2025-04-28T17:24:50.650Z", "user": 4, "content_type": 6, "object_id": "9", "object_repr": "Family - Q3", "action_flag": 2, "change_message": "[{\"changed\": {\"name\": \"answer\", \"object\": \"My father is old (Incorrect)\", \"fields\": [\"Answer text ru\"]}}, {\"changed\": {\"name\": \"answer\", \"object\": \"I have many brothers (Incorrect)\", \"fields\": [\"Answer text ru\"]}}, {\"changed\": {\"name\": \"answer\", \"object\": \"My family is big (Correct)\", \"fields\": [\"Answer text ru\"]}}, {\"changed\": {\"name\": \"answer\", \"object\": \"My grandfather is tall (Incorrect)\", \"fields\": [\"Answer text ru\"]}}]"}}, {"model": "admin.logentry", "pk": 21, "fields": {"action_time": "2025-04-28T17:25:27.507Z", "user": 4, "content_type": 6, "object_id": "9", "object_repr": "Family - Q3", "action_flag": 2, "change_message": "[]"}}, {"model": "admin.logentry", "pk": 22, "fields": {"action_time": "2025-04-28T17:25:41.450Z", "user": 4, "content_type": 6, "object_id": "2", "object_repr": "Greetings - Q2", "action_flag": 2, "change_message": "[{\"changed\": {\"name\": \"answer\", \"object\": \"\\u0421\\u04d9\\u043b\\u0435\\u043c (Incorrect)\", \"fields\": [\"Answer text ru\"]}}, {\"changed\": {\"name\": \"answer\", \"object\": \"\\u0420\\u0430\\u0445\\u043c\\u0435\\u0442 (Correct)\", \"fields\": [\"Answer text ru\"]}}, {\"changed\": {\"name\": \"answer\", \"object\": \"\\u0416\\u043e\\u049b (Incorrect)\", \"fields\": [\"Answer text ru\"]}}, {\"changed\": {\"name\": \"answer\", \"object\": \"\\u04e8\\u0442\\u0456\\u043d\\u0435\\u043c\\u0456\\u043d (Incorrect)\", \"fields\": [\"Answer text ru\"]}}]"}}, {"model": "admin.logentry", "pk": 23, "fields": {"action_time": "2025-04-28T17:25:53.745Z", "user": 4, "content_type": 6, "object_id": "5", "object_repr": "Numbers - Q2", "action_flag": 2, "change_message": "[{\"changed\": {\"name\": \"answer\", \"object\": \"\\u041e\\u043d \\u0430\\u043b\\u0442\\u044b (Incorrect)\", \"fields\": [\"Answer text ru\"]}}, {\"changed\": {\"name\": \"answer\", \"object\": \"\\u0416\\u0438\\u044b\\u0440\\u043c\\u0430 (Incorrect)\", \"fields\": [\"Answer text ru\"]}}, {\"changed\": {\"name\": \"answer\", \"object\": \"\\u041e\\u043d \\u0441\\u0435\\u0433\\u0456\\u0437 (Correct)\", \"fields\": [\"Answer text ru\"]}}, {\"changed\": {\"name\": \"answer\", \"object\": \"\\u0421\\u0435\\u0433\\u0456\\u0437 (Incorrect)\", \"fields\": [\"Answer text ru\"]}}]"}}, {"model": "admin.logentry", "pk": 24, "fields": {"action_time": "2025-04-28T17:26:05.696Z", "user": 4, "content_type": 6, "object_id": "1", "object_repr": "Greetings - Q1", "action_flag": 2, "change_message": "[{\"changed\": {\"name\": \"answer\", \"object\": \"\\u0421\\u04d9\\u043b\\u0435\\u043c (Correct)\", \"fields\": [\"Answer text ru\"]}}, {\"changed\": {\"name\": \"answer\", \"object\": \"\\u0420\\u0430\\u0445\\u043c\\u0435\\u0442 (Incorrect)\", \"fields\": [\"Answer text ru\"]}}, {\"changed\": {\"name\": \"answer\", \"object\": \"\\u0421\\u0430\\u0443 \\u0431\\u043e\\u043b (Incorrect)\", \"fields\": [\"Answer text ru\"]}}, {\"changed\": {\"name\": \"answer\", \"object\": \"\\u0418\\u04d9 (Incorrect)\", \"fields\": [\"Answer text ru\"]}}]"}}, {"model": "admin.logentry", "pk": 25, "fields": {"action_time": "2025-04-28T17:26:18.151Z", "user": 4, "content_type": 6, "object_id": "4", "object_repr": "Numbers - Q1", "action_flag": 2, "change_message": "[{\"changed\": {\"name\": \"answer\", \"object\": \"\\u04ae\\u0448 (Incorrect)\", \"fields\": [\"Answer text ru\"]}}, {\"changed\": {\"name\": \"answer\", \"object\": \"\\u0411\\u0435\\u0441 (Correct)\", \"fields\": [\"Answer text ru\"]}}, {\"changed\": {\"name\": \"answer\", \"object\": \"\\u0416\\u0435\\u0442\\u0456 (Incorrect)\", \"fields\": [\"Answer text ru\"]}}, {\"changed\": {\"name\": \"answer\", \"object\": \"\\u0422\\u043e\\u0493\\u044b\\u0437 (Incorrect)\", \"fields\": [\"Answer text ru\"]}}]"}}, {"model": "admin.logentry", "pk": 26, "fields": {"action_time": "2025-04-28T17:26:33.947Z", "user": 4, "content_type": 6, "object_id": "7", "object_repr": "Family - Q1", "action_flag": 2, "change_message": "[{\"changed\": {\"name\": \"answer\", \"object\": \"\\u0410\\u043d\\u0430 (Incorrect)\", \"fields\": [\"Answer text ru\"]}}, {\"changed\": {\"name\": \"answer\", \"object\": \"\\u04d8\\u043a\\u0435 (Correct)\", \"fields\": [\"Answer text ru\"]}}, {\"changed\": {\"name\": \"answer\", \"object\": \"\\u0410\\u0442\\u0430 (Incorrect)\", \"fields\": [\"Answer text ru\"]}}, {\"changed\": {\"name\": \"answer\", \"object\": \"\\u04b0\\u043b (Incorrect)\", \"fields\": [\"Answer text ru\"]}}]"}}, {"model": "admin.logentry", "pk": 27, "fields": {"action_time": "2025-04-28T17:26:37.390Z", "user": 4, "content_type": 6, "object_id": "7", "object_repr": "Family - Q1", "action_flag": 2, "change_message": "[]"}}, {"model": "admin.logentry", "pk": 28, "fields": {"action_time": "2025-04-28T17:26:45.368Z", "user": 4, "content_type": 6, "object_id": "3", "object_repr": "Greetings - Q3", "action_flag": 2, "change_message": "[]"}}, {"model": "admin.logentry", "pk": 29, "fields": {"action_time": "2025-04-29T08:59:09.769Z", "user": 4, "content_type": 9, "object_id": "2", "object_repr": "Қайырлы таң - Good morning", "action_flag": 2, "change_message": "[{\"changed\": {\"fields\": [\"Definition ru\"]}}]"}}, {"model": "admin.logentry", "pk": 30, "fields": {"action_time": "2025-04-29T09:00:03.812Z", "user": 4, "content_type": 9, "object_id": "4", "object_repr": "Рахмет - Thank you", "action_flag": 2, "change_message": "[{\"changed\": {\"fields\": [\"Definition ru\"]}}]"}}, {"model": "admin.logentry", "pk": 31, "fields": {"action_time": "2025-04-29T09:00:35.200Z", "user": 4, "content_type": 9, "object_id": "15", "object_repr": "Қызыл - Red", "action_flag": 2, "change_message": "[{\"changed\": {\"fields\": [\"Definition ru\"]}}]"}}, {"model": "admin.logentry", "pk": 32, "fields": {"action_time": "2025-04-29T09:00:47.377Z", "user": 4, "content_type": 9, "object_id": "3", "object_repr": "Қайырлы кеш - Good evening", "action_flag": 2, "change_message": "[{\"changed\": {\"fields\": [\"Definition ru\"]}}]"}}, {"model": "admin.logentry", "pk": 33, "fields": {"action_time": "2025-04-29T09:01:04.427Z", "user": 4, "content_type": 9, "object_id": "16", "object_repr": "Көк - Blue", "action_flag": 2, "change_message": "[{\"changed\": {\"fields\": [\"Definition ru\"]}}]"}}, {"model": "admin.logentry", "pk": 34, "fields": {"action_time": "2025-04-29T09:01:23.075Z", "user": 4, "content_type": 9, "object_id": "12", "object_repr": "Әже - Grandmother", "action_flag": 2, "change_message": "[{\"changed\": {\"fields\": [\"Definition ru\"]}}]"}}, {"model": "admin.logentry", "pk": 35, "fields": {"action_time": "2025-04-29T09:01:54.103Z", "user": 4, "content_type": 8, "object_id": "6", "object_repr": "Colors", "action_flag": 2, "change_message": "[{\"changed\": {\"fields\": [\"Description ru\"]}}]"}}, {"model": "auth.permission", "pk": 1, "fields": {"name": "Can add permission", "content_type": 1, "codename": "add_permission"}}, {"model": "auth.permission", "pk": 2, "fields": {"name": "Can change permission", "content_type": 1, "codename": "change_permission"}}, {"model": "auth.permission", "pk": 3, "fields": {"name": "Can delete permission", "content_type": 1, "codename": "delete_permission"}}, {"model": "auth.permission", "pk": 4, "fields": {"name": "Can view permission", "content_type": 1, "codename": "view_permission"}}, {"model": "auth.permission", "pk": 5, "fields": {"name": "Can add group", "content_type": 2, "codename": "add_group"}}, {"model": "auth.permission", "pk": 6, "fields": {"name": "Can change group", "content_type": 2, "codename": "change_group"}}, {"model": "auth.permission", "pk": 7, "fields": {"name": "Can delete group", "content_type": 2, "codename": "delete_group"}}, {"model": "auth.permission", "pk": 8, "fields": {"name": "Can view group", "content_type": 2, "codename": "view_group"}}, {"model": "auth.permission", "pk": 9, "fields": {"name": "Can add content type", "content_type": 3, "codename": "add_contenttype"}}, {"model": "auth.permission", "pk": 10, "fields": {"name": "Can change content type", "content_type": 3, "codename": "change_contenttype"}}, {"model": "auth.permission", "pk": 11, "fields": {"name": "Can delete content type", "content_type": 3, "codename": "delete_contenttype"}}, {"model": "auth.permission", "pk": 12, "fields": {"name": "Can view content type", "content_type": 3, "codename": "view_contenttype"}}, {"model": "auth.permission", "pk": 13, "fields": {"name": "Can add lesson level", "content_type": 4, "codename": "add_lessonlevel"}}, {"model": "auth.permission", "pk": 14, "fields": {"name": "Can change lesson level", "content_type": 4, "codename": "change_lessonlevel"}}, {"model": "auth.permission", "pk": 15, "fields": {"name": "Can delete lesson level", "content_type": 4, "codename": "delete_lessonlevel"}}, {"model": "auth.permission", "pk": 16, "fields": {"name": "Can view lesson level", "content_type": 4, "codename": "view_lessonlevel"}}, {"model": "auth.permission", "pk": 17, "fields": {"name": "Can add lesson", "content_type": 5, "codename": "add_lesson"}}, {"model": "auth.permission", "pk": 18, "fields": {"name": "Can change lesson", "content_type": 5, "codename": "change_lesson"}}, {"model": "auth.permission", "pk": 19, "fields": {"name": "Can delete lesson", "content_type": 5, "codename": "delete_lesson"}}, {"model": "auth.permission", "pk": 20, "fields": {"name": "Can view lesson", "content_type": 5, "codename": "view_lesson"}}, {"model": "auth.permission", "pk": 21, "fields": {"name": "Can add question", "content_type": 6, "codename": "add_question"}}, {"model": "auth.permission", "pk": 22, "fields": {"name": "Can change question", "content_type": 6, "codename": "change_question"}}, {"model": "auth.permission", "pk": 23, "fields": {"name": "Can delete question", "content_type": 6, "codename": "delete_question"}}, {"model": "auth.permission", "pk": 24, "fields": {"name": "Can view question", "content_type": 6, "codename": "view_question"}}, {"model": "auth.permission", "pk": 25, "fields": {"name": "Can add answer", "content_type": 7, "codename": "add_answer"}}, {"model": "auth.permission", "pk": 26, "fields": {"name": "Can change answer", "content_type": 7, "codename": "change_answer"}}, {"model": "auth.permission", "pk": 27, "fields": {"name": "Can delete answer", "content_type": 7, "codename": "delete_answer"}}, {"model": "auth.permission", "pk": 28, "fields": {"name": "Can view answer", "content_type": 7, "codename": "view_answer"}}, {"model": "auth.permission", "pk": 29, "fields": {"name": "Can add category", "content_type": 8, "codename": "add_category"}}, {"model": "auth.permission", "pk": 30, "fields": {"name": "Can change category", "content_type": 8, "codename": "change_category"}}, {"model": "auth.permission", "pk": 31, "fields": {"name": "Can delete category", "content_type": 8, "codename": "delete_category"}}, {"model": "auth.permission", "pk": 32, "fields": {"name": "Can view category", "content_type": 8, "codename": "view_category"}}, {"model": "auth.permission", "pk": 33, "fields": {"name": "Can add word", "content_type": 9, "codename": "add_word"}}, {"model": "auth.permission", "pk": 34, "fields": {"name": "Can change word", "content_type": 9, "codename": "change_word"}}, {"model": "auth.permission", "pk": 35, "fields": {"name": "Can delete word", "content_type": 9, "codename": "delete_word"}}, {"model": "auth.permission", "pk": 36, "fields": {"name": "Can view word", "content_type": 9, "codename": "view_word"}}, {"model": "auth.permission", "pk": 37, "fields": {"name": "Can add log entry", "content_type": 10, "codename": "add_logentry"}}, {"model": "auth.permission", "pk": 38, "fields": {"name": "Can change log entry", "content_type": 10, "codename": "change_logentry"}}, {"model": "auth.permission", "pk": 39, "fields": {"name": "Can delete log entry", "content_type": 10, "codename": "delete_logentry"}}, {"model": "auth.permission", "pk": 40, "fields": {"name": "Can view log entry", "content_type": 10, "codename": "view_logentry"}}, {"model": "auth.permission", "pk": 41, "fields": {"name": "Can add session", "content_type": 11, "codename": "add_session"}}, {"model": "auth.permission", "pk": 42, "fields": {"name": "Can change session", "content_type": 11, "codename": "change_session"}}, {"model": "auth.permission", "pk": 43, "fields": {"name": "Can delete session", "content_type": 11, "codename": "delete_session"}}, {"model": "auth.permission", "pk": 44, "fields": {"name": "Can view session", "content_type": 11, "codename": "view_session"}}, {"model": "auth.permission", "pk": 45, "fields": {"name": "Can add site", "content_type": 12, "codename": "add_site"}}, {"model": "auth.permission", "pk": 46, "fields": {"name": "Can change site", "content_type": 12, "codename": "change_site"}}, {"model": "auth.permission", "pk": 47, "fields": {"name": "Can delete site", "content_type": 12, "codename": "delete_site"}}, {"model": "auth.permission", "pk": 48, "fields": {"name": "Can view site", "content_type": 12, "codename": "view_site"}}, {"model": "auth.permission", "pk": 49, "fields": {"name": "Can add email address", "content_type": 13, "codename": "add_emailaddress"}}, {"model": "auth.permission", "pk": 50, "fields": {"name": "Can change email address", "content_type": 13, "codename": "change_emailaddress"}}, {"model": "auth.permission", "pk": 51, "fields": {"name": "Can delete email address", "content_type": 13, "codename": "delete_emailaddress"}}, {"model": "auth.permission", "pk": 52, "fields": {"name": "Can view email address", "content_type": 13, "codename": "view_emailaddress"}}, {"model": "auth.permission", "pk": 53, "fields": {"name": "Can add email confirmation", "content_type": 14, "codename": "add_emailconfirmation"}}, {"model": "auth.permission", "pk": 54, "fields": {"name": "Can change email confirmation", "content_type": 14, "codename": "change_emailconfirmation"}}, {"model": "auth.permission", "pk": 55, "fields": {"name": "Can delete email confirmation", "content_type": 14, "codename": "delete_emailconfirmation"}}, {"model": "auth.permission", "pk": 56, "fields": {"name": "Can view email confirmation", "content_type": 14, "codename": "view_emailconfirmation"}}, {"model": "auth.permission", "pk": 57, "fields": {"name": "Can add social account", "content_type": 15, "codename": "add_socialaccount"}}, {"model": "auth.permission", "pk": 58, "fields": {"name": "Can change social account", "content_type": 15, "codename": "change_socialaccount"}}, {"model": "auth.permission", "pk": 59, "fields": {"name": "Can delete social account", "content_type": 15, "codename": "delete_socialaccount"}}, {"model": "auth.permission", "pk": 60, "fields": {"name": "Can view social account", "content_type": 15, "codename": "view_socialaccount"}}, {"model": "auth.permission", "pk": 61, "fields": {"name": "Can add social application", "content_type": 16, "codename": "add_socialapp"}}, {"model": "auth.permission", "pk": 62, "fields": {"name": "Can change social application", "content_type": 16, "codename": "change_socialapp"}}, {"model": "auth.permission", "pk": 63, "fields": {"name": "Can delete social application", "content_type": 16, "codename": "delete_socialapp"}}, {"model": "auth.permission", "pk": 64, "fields": {"name": "Can view social application", "content_type": 16, "codename": "view_socialapp"}}, {"model": "auth.permission", "pk": 65, "fields": {"name": "Can add social application token", "content_type": 17, "codename": "add_socialtoken"}}, {"model": "auth.permission", "pk": 66, "fields": {"name": "Can change social application token", "content_type": 17, "codename": "change_socialtoken"}}, {"model": "auth.permission", "pk": 67, "fields": {"name": "Can delete social application token", "content_type": 17, "codename": "delete_socialtoken"}}, {"model": "auth.permission", "pk": 68, "fields": {"name": "Can view social application token", "content_type": 17, "codename": "view_socialtoken"}}, {"model": "auth.permission", "pk": 69, "fields": {"name": "Can add user", "content_type": 18, "codename": "add_customuser"}}, {"model": "auth.permission", "pk": 70, "fields": {"name": "Can change user", "content_type": 18, "codename": "change_customuser"}}, {"model": "auth.permission", "pk": 71, "fields": {"name": "Can delete user", "content_type": 18, "codename": "delete_customuser"}}, {"model": "auth.permission", "pk": 72, "fields": {"name": "Can view user", "content_type": 18, "codename": "view_customuser"}}, {"model": "auth.permission", "pk": 73, "fields": {"name": "Can add user progress", "content_type": 19, "codename": "add_userprogress"}}, {"model": "auth.permission", "pk": 74, "fields": {"name": "Can change user progress", "content_type": 19, "codename": "change_userprogress"}}, {"model": "auth.permission", "pk": 75, "fields": {"name": "Can delete user progress", "content_type": 19, "codename": "delete_userprogress"}}, {"model": "auth.permission", "pk": 76, "fields": {"name": "Can view user progress", "content_type": 19, "codename": "view_userprogress"}}, {"model": "auth.permission", "pk": 77, "fields": {"name": "Can add saved word", "content_type": 20, "codename": "add_savedword"}}, {"model": "auth.permission", "pk": 78, "fields": {"name": "Can change saved word", "content_type": 20, "codename": "change_savedword"}}, {"model": "auth.permission", "pk": 79, "fields": {"name": "Can delete saved word", "content_type": 20, "codename": "delete_savedword"}}, {"model": "auth.permission", "pk": 80, "fields": {"name": "Can view saved word", "content_type": 20, "codename": "view_savedword"}}, {"model": "contenttypes.contenttype", "pk": 1, "fields": {"app_label": "auth", "model": "permission"}}, {"model": "contenttypes.contenttype", "pk": 2, "fields": {"app_label": "auth", "model": "group"}}, {"model": "contenttypes.contenttype", "pk": 3, "fields": {"app_label": "contenttypes", "model": "contenttype"}}, {"model": "contenttypes.contenttype", "pk": 4, "fields": {"app_label": "lessons", "model": "lessonlevel"}}, {"model": "contenttypes.contenttype", "pk": 5, "fields": {"app_label": "lessons", "model": "lesson"}}, {"model": "contenttypes.contenttype", "pk": 6, "fields": {"app_label": "lessons", "model": "question"}}, {"model": "contenttypes.contenttype", "pk": 7, "fields": {"app_label": "lessons", "model": "answer"}}, {"model": "contenttypes.contenttype", "pk": 8, "fields": {"app_label": "dictionary", "model": "category"}}, {"model": "contenttypes.contenttype", "pk": 9, "fields": {"app_label": "dictionary", "model": "word"}}, {"model": "contenttypes.contenttype", "pk": 10, "fields": {"app_label": "admin", "model": "logentry"}}, {"model": "contenttypes.contenttype", "pk": 11, "fields": {"app_label": "sessions", "model": "session"}}, {"model": "contenttypes.contenttype", "pk": 12, "fields": {"app_label": "sites", "model": "site"}}, {"model": "contenttypes.contenttype", "pk": 13, "fields": {"app_label": "account", "model": "emailaddress"}}, {"model": "contenttypes.contenttype", "pk": 14, "fields": {"app_label": "account", "model": "emailconfirmation"}}, {"model": "contenttypes.contenttype", "pk": 15, "fields": {"app_label": "socialaccount", "model": "socialaccount"}}, {"model": "contenttypes.contenttype", "pk": 16, "fields": {"app_label": "socialaccount", "model": "socialapp"}}, {"model": "contenttypes.contenttype", "pk": 17, "fields": {"app_label": "socialaccount", "model": "socialtoken"}}, {"model": "contenttypes.contenttype", "pk": 18, "fields": {"app_label": "users", "model": "customuser"}}, {"model": "contenttypes.contenttype", "pk": 19, "fields": {"app_label": "users", "model": "userprogress"}}, {"model": "contenttypes.contenttype", "pk": 20, "fields": {"app_label": "users", "model": "savedword"}}, {"model": "sessions.session", "pk": "2il0n82yyrul2v34jtilxykpcnfoprq8", "fields": {"session_data": "eyJfbGFuZ3VhZ2UiOiJydSJ9:1u8yIS:MIj50oCqogedS5xEgFKQ6uWtsjYhnk7aLoptrWdJnVo", "expire_date": "2025-05-11T09:27:36.844Z"}}, {"model": "sessions.session", "pk": "7cdn8irix368e1oje0mqagvvchqd66xi", "fields": {"session_data": "eyJfbGFuZ3VhZ2UiOiJlbiJ9:1u98rD:OMEFaJ1wsi_i4H3zMNECIA-1WycGU77Rem1e-yKpfmM", "expire_date": "2025-05-11T20:44:11.290Z"}}, {"model": "sessions.session", "pk": "85wdpjui7ym1bfygiayf3jt2ssw3h1hf", "fields": {"session_data": "eyJfbGFuZ3VhZ2UiOiJydSJ9:1u8z0I:kKFwa5cAhQhNAWlKw2Bx4E-z9L_YQj1TPWhfKUURGS8", "expire_date": "2025-05-11T10:12:54.871Z"}}, {"model": "sessions.session", "pk": "8nu5whbgxoy4t30dk52zsb5375404i19", "fields": {"session_data": "eyJfbGFuZ3VhZ2UiOiJydSJ9:1u8z10:AjgLIRLlnyXdmY5su5w1DPp4aZ5iMNxx6_Plr2hxKZY", "expire_date": "2025-05-11T10:13:38.725Z"}}, {"model": "sessions.session", "pk": "gkb92qyhmwb7p6frwwn0lo80o445wva1", "fields": {"session_data": "eyJfbGFuZ3VhZ2UiOiJydSJ9:1u8yGR:4PWThVJMmiUwWG0fbMgQB0SIGIaIhu8PEXss4szhilg", "expire_date": "2025-05-11T09:25:31.774Z"}}, {"model": "sessions.session", "pk": "gymmmixor743nbrwf511azvkxpaixyjn", "fields": {"session_data": "eyJfbGFuZ3VhZ2UiOiJydSJ9:1u8z4A:KJv4f48XjKyGxsDfht_J-rndozUhJDVDSFKeSd5tORI", "expire_date": "2025-05-11T10:16:54.291Z"}}, {"model": "sessions.session", "pk": "iino4v2gpzf415mvcj6yvbveou1bqdgx", "fields": {"session_data": "eyJfbGFuZ3VhZ2UiOiJydSJ9:1u8yId:EYZLh-IJlFMW_Nz7GTB07yaq8g78H6SHhNe1MLImv1k", "expire_date": "2025-05-11T09:27:47.717Z"}}, {"model": "sessions.session", "pk": "iu5vtt1zha70f6k003sl37jhbrn3scue", "fields": {"session_data": "eyJfbGFuZ3VhZ2UiOiJlbiJ9:1uA0dL:J_5welbj_IpOzUFx81ZwwO8-pcX5eMIUfhpGe07c02c", "expire_date": "2025-05-14T06:09:27.900Z"}}, {"model": "sessions.session", "pk": "orjgikb1imb8hizgderxvgua41ut98n8", "fields": {"session_data": "eyJfbGFuZ3VhZ2UiOiJydSJ9:1u8zCO:Zh8LmFAoG1AzXQZ2TqskfYTWqpw_ZjeEhEhUZuUnKsY", "expire_date": "2025-05-11T10:25:24.741Z"}}, {"model": "sessions.session", "pk": "pa29zoaupimtm5o1lsbac1v29xuazak0", "fields": {"session_data": "eyJfbGFuZ3VhZ2UiOiJydSJ9:1u8yIp:-cjfXNw9799Ke-geR81XL8HXacYeRHjCSiNrA8xiUso", "expire_date": "2025-05-11T09:27:59.162Z"}}, {"model": "sessions.session", "pk": "q6qiqs7zu9kyuc4iajuu7i8jx26o4fs5", "fields": {"session_data": "eyJfbGFuZ3VhZ2UiOiJydSJ9:1u8yII:_9BKXfKPknFMxrmQI6kKOhGWDao_4sZZ3IS9xLm2QcU", "expire_date": "2025-05-11T09:27:26.321Z"}}, {"model": "sessions.session", "pk": "s2kp6x5u82j973w15x9n3q8qnyivdhov", "fields": {"session_data": "eyJfbGFuZ3VhZ2UiOiJydSJ9:1u8zCZ:IiyYsv_wBE5lS_qcOn6FWmIsfRkXl7zv3ZXiqbzhFm8", "expire_date": "2025-05-11T10:25:35.861Z"}}, {"model": "sessions.session", "pk": "sztkxdhy39xlweoiin0yzukl4ffe1m8i", "fields": {"session_data": "eyJfbGFuZ3VhZ2UiOiJydSJ9:1u8yaX:e_Lc5wS5SHT0ca-o1eMTNll9kebI3YsfpZz9c79Lg00", "expire_date": "2025-05-11T09:46:17.813Z"}}, {"model": "sessions.session", "pk": "t6ve02uf0fxu70sihb4u2b3dt9d2si99", "fields": {"session_data": "eyJfbGFuZ3VhZ2UiOiJydSJ9:1u8z3O:--4y4rr80RVgaRPTgGa5AfqHoxX8LBsCX8SzZnknVxM", "expire_date": "2025-05-11T10:16:06.430Z"}}, {"model": "sessions.session", "pk": "ua9emocupi350sxjnvrd05upvv6d64ej", "fields": {"session_data": "eyJfbGFuZ3VhZ2UiOiJydSJ9:1u9Ka9:oJogTt4FdlEh_PcOoWm_DbVDIoAYc5A8bY53hlLJBzU", "expire_date": "2025-05-12T09:15:21.947Z"}}, {"model": "sessions.session", "pk": "vdldt49pvoygxy69opdn7c9gcx2swjp5", "fields": {"session_data": "eyJfbGFuZ3VhZ2UiOiJydSJ9:1u8z0W:1FV1nLDWRfR34a9NGp54MtdGjAcgXqJVvVOkPYxRLQg", "expire_date": "2025-05-11T10:13:08.763Z"}}, {"model": "sites.site", "pk": 1, "fields": {"domain": "example.com", "name": "example.com"}}, {"model": "account.emailaddress", "pk": 1, "fields": {"user": 1, "email": "amergen666@gmail.com", "verified": false, "primary": true}}, {"model": "account.emailaddress", "pk": 2, "fields": {"user": 3, "email": "amergen777@gmail.com", "verified": false, "primary": true}}, {"model": "lessons.lessonlevel", "pk": 1, "fields": {"name": "A1 - Beginner", "name_ru": "A1 - Начинающий", "description": "Basic phrases and expressions", "description_ru": "Основные фразы и выражения", "order": 1}}, {"model": "lessons.lessonlevel", "pk": 2, "fields": {"name": "A2 - Elementary", "name_ru": "А2 - Элементарный", "description": "Simple conversations on familiar topics", "description_ru": "Простые разговоры на знакомые темы", "order": 2}}, {"model": "lessons.lessonlevel", "pk": 3, "fields": {"name": "B1 - Intermediate", "name_ru": "B1 - Средний", "description": "Clear standard speech on familiar matters", "description_ru": "Понятная стандартная речь на знакомые темы", "order": 3}}, {"model": "lessons.lessonlevel", "pk": 4, "fields": {"name": "B2 - Upper Intermediate", "name_ru": "B2 - Высший средний уровень", "description": "Complex speech and advanced topics", "description_ru": "Сложная речь и продвинутые темы", "order": 4}}, {"model": "lessons.lesson", "pk": 1, "fields": {"level": 1, "title_kz": "Амандасу", "title_en": "Greetings", "title_ru": "Приветсвие", "description": "Learn basic Kazakh greetings and introductions", "description_ru": "Это урок на тему 'Приветсвие'. Learn basic Kazakh greetings and introductions", "content": "# Greetings in Kazakh\r\n\r\nIn this lesson, you will learn basic greetings in Kazakh language.\r\n\r\n## Basic Greetings\r\n\r\n- **Сәлем** (Sälem) - Hello\r\n- **Қайырлы таң** (Qaiyrly tang) - Good morning\r\n- **Қайырлы күн** (Qaiyrly kün) - Good day\r\n- **Қайырлы кеш** (Qaiyrly kesh) - Good evening\r\n- **Сау болыңыз** (Sau bolyñyz) - Goodbye (formal)\r\n- **Сау бол** (Sau bol) - Goodbye (informal)\r\n\r\n## Introductions\r\n\r\n- **Менің атым...** (Meniñ atym...) - My name is...\r\n- **Сіздің атыңыз кім?** (Sizdiñ atyñyz kim?) - What is your name? (formal)\r\n- **Сенің атың кім?** (Seniñ atyñ kim?) - What is your name? (informal)\r\n- **Танысқаныма қуаныштымын** (Tanysqanyma quanyshtymyn) - Nice to meet you\r\n\r\n## Common Phrases\r\n\r\n- **Рахмет** (Rakhmet) - Thank you\r\n- **Өтінемін** (Ötinemin) - Please / You're welcome\r\n- **Кешіріңіз** (Keshiriñiz) - Excuse me / Sorry\r\n- **Иә** (Iä) - Yes\r\n- **Жоқ** (Joq) - No", "content_ru": "<h2>Приветсвие</h2>\r\n<p>Содержание урока на русском языке.</p>\r\n\r\n# Greetings in Kazakh\r\n\r\nНа этом уроке вы изучите основные приветствия на казахском языке.\r\n\r\n## Basic Greetings\r\n\r\n- **Сәлем** (Sälem) - Привет\r\n- **Қайырлы таң** (Qaiyrly tang) - Доброе утро\r\n- **Қайырлы күн** (Qaiyrly kün) - Добрый день\r\n- **Қайырлы кеш** (Qaiyrly kesh) - Добрый вечер\r\n- **Сау болыңыз** (Sau bolyñyz) - До свидание\r\n- **Сау бол** (Sau bol) - Пока\r\n\r\n## Introductions\r\n\r\n- **Менің атым...** (Meniñ atym...) - Мое имя\r\n- **Сіздің атыңыз кім?** (Sizdiñ atyñyz kim?) - Как вас зовут\r\n- **Сенің атың кім?** (Seniñ atyñ kim?) - Как тебя зовут\r\n- **Танысқаныма қуаныштымын** (Tanysqanyma quanyshtymyn) - Рад знакомству\r\n\r\n## Common Phrases\r\n\r\n- **Рахмет** (Rakhmet) -Спасибо\r\n- **Өтінемін** (Ötinemin) - Прошу\r\n- **Кешіріңіз** (Keshiriñiz) - Извините\r\n- **Иә** (Iä) - Да\r\n- **Жоқ** (Joq) - Нет", "video_url": null, "image": "", "order": 1, "is_published": true, "created_at": "2025-04-24T22:12:06.711Z", "updated_at": "2025-04-28T17:13:34.896Z", "slug": "greetings"}}, {"model": "lessons.lesson", "pk": 2, "fields": {"level": 1, "title_kz": "Сандар", "title_en": "Numbers", "title_ru": "Числа", "description": "Learn numbers in Kazakh language from 1 to 20", "description_ru": "Это урок на тему 'Числа'. Учим цифры на казахском языке от 1 до 20", "content": "# Numbers in Kazakh\r\n\r\nIn this lesson, you will learn how to count in Kazakh from 1 to 20.\r\n\r\n## Numbers 1-10\r\n\r\n- **1 - Бір** (Bir)\r\n- **2 - Екі** (Yeki)\r\n- **3 - Үш** (Üsh)\r\n- **4 - Төрт** (Tört)\r\n- **5 - Бес** (Bes)\r\n- **6 - Алты** (Alty)\r\n- **7 - Жеті** (Jeti)\r\n- **8 - Сегіз** (Segiz)\r\n- **9 - Тоғыз** (Toğyz)\r\n- **10 - Он** (On)\r\n\r\n## Numbers 11-20\r\n\r\n- **11 - Он бір** (On bir)\r\n- **12 - Он екі** (On yeki)\r\n- **13 - Он үш** (On üsh)\r\n- **14 - Он төрт** (On tört)\r\n- **15 - Он бес** (On bes)\r\n- **16 - Он алты** (On alty)\r\n- **17 - Он жеті** (On jeti)\r\n- **18 - Он сегіз** (On segiz)\r\n- **19 - Он тоғыз** (On toğyz)\r\n- **20 - Жиырма** (Jiyrma)\r\n\r\n## Using Numbers in Sentences\r\n\r\n- **Маған бес алма керек.** (Mağan bes alma kerek.) - I need five apples.\r\n- **Сіз неше жастасыз?** (Siz neshe jastasyz?) - How old are you?\r\n- **Мен жиырма жастамын.** (Men jiyrma jastamyn.) - I am twenty years old.", "content_ru": "<h2>Числа</h2>\r\n<p>Содержание урока на русском языке.</p>\r\n\r\n# Numbers in Kazakh\r\n\r\nУчим цифры на казахском языке от 1 до 20\r\n\r\n## Numbers 1-10\r\n\r\n- **1 - Бір** (Bir)\r\n- **2 - Екі** (Yeki)\r\n- **3 - Үш** (Üsh)\r\n- **4 - Төрт** (Tört)\r\n- **5 - Бес** (Bes)\r\n- **6 - Алты** (Alty)\r\n- **7 - Жеті** (Jeti)\r\n- **8 - Сегіз** (Segiz)\r\n- **9 - Тоғыз** (Toğyz)\r\n- **10 - Он** (On)\r\n\r\n## Numbers 11-20\r\n\r\n- **11 - Он бір** (On bir)\r\n- **12 - Он екі** (On yeki)\r\n- **13 - Он үш** (On üsh)\r\n- **14 - Он төрт** (On tört)\r\n- **15 - Он бес** (On bes)\r\n- **16 - Он алты** (On alty)\r\n- **17 - Он жеті** (On jeti)\r\n- **18 - Он сегіз** (On segiz)\r\n- **19 - Он тоғыз** (On toğyz)\r\n- **20 - Жиырма** (Jiyrma)\r\n\r\n## Using Numbers in Sentences\r\n\r\n- **Маған бес алма керек.** (Mağan bes alma kerek.) - Мне нужно пять яблок\r\n- **Сіз неше жастасыз?** (Siz neshe jastasyz?) - Вам сколько лет\r\n- **Мен жиырма жастамын.** (Men jiyrma jastamyn.) - Мне двадцать лет", "video_url": null, "image": "", "order": 2, "is_published": true, "created_at": "2025-04-24T22:12:06.722Z", "updated_at": "2025-04-28T17:16:39.544Z", "slug": "numbers"}}, {"model": "lessons.lesson", "pk": 3, "fields": {"level": 2, "title_kz": "Отбасы", "title_en": "Family", "title_ru": "Семья", "description": "Learn family-related vocabulary in Kazakh", "description_ru": "Это урок на тему 'Семья'. Изучите лексику на казахскую тему, связанную с семьей", "content": "# Family Vocabulary in Kazakh\r\n\r\nIn this lesson, you will learn vocabulary related to family members in Kazakh.\r\n\r\n## Immediate Family\r\n\r\n- **Әке** (Äke) - Father\r\n- **Ана** (Ana) - Mother\r\n- **Ұл** (Ul) - Son\r\n- **Қыз** (Qyz) - Daughter\r\n- **Аға** (Ağa) - Elder brother\r\n- **Іні** (Ini) - Younger brother\r\n- **Әпке** (Äpke) - Elder sister\r\n- **Сіңлі/Қарындас** (Siñli/Qaryndas) - Younger sister\r\n- **Ата** (Ata) - Grandfather\r\n- **Әже** (Äje) - Grandmother\r\n\r\n## Extended Family\r\n\r\n- **Немере** (Nemere) - Grandchild\r\n- **Нағашы** (Nağashy) - Maternal relatives\r\n- **Жиен** (Jien) - Nephew/niece (sister's children)\r\n- **Келін** (Kelin) - Daughter-in-law\r\n- **Күйеу бала** (Küyeu bala) - Son-in-law\r\n- **Құда** (Quda) - Co-in-laws\r\n\r\n## Useful Phrases\r\n\r\n- **Менің отбасым үлкен.** (Meniñ otbasym ülken.) - My family is big.\r\n- **Сіздің отбасыңызда кім бар?** (Sizdiñ otbasyñyzda kim bar?) - Who is in your family?\r\n- **Менің екі ағам және бір әпкем бар.** (Meniñ yeki ağam jäne bir äpkem bar.) - I have two elder brothers and one elder sister.", "content_ru": "<h2>Семья</h2>\r\n<p>Содержание урока на русском языке.</p>\r\n\r\n# Семейный словарь на казахском языке\r\n\r\nНа этом уроке вы выучите лексику, связанную с членами семьи на казахском языке.\r\n\r\n## Ближайшие родственники\r\n\r\n- **Әке** (Äke) - Папа\r\n- **Ана** (Ana) - Мама\r\n- **Ұл** (Ul) - Сын\r\n- **Қыз** (Qyz) - Дочь\r\n- **Аға** (Ağa) - Старший брат\r\n- **Іні** (Ini) - Младший брат\r\n- **Әпке** (Äpke) - Старшая сестра\r\n- **Сіңлі/Қарындас** (Siñli/Qaryndas) - Сесренка\r\n- **Ата** (Ata) - Дедушка\r\n- **Әже** (Äje) - Бабушка\r\n\r\n## Большая семья\r\n\r\n- **Немере** (Nemere) - Внук\r\n- **Нағашы** (Nağashy) - Родственники по маминой линий\r\n- **Жиен** (Jien) - Племянник/ца\r\n- **Келін** (Kelin) - Невестка\r\n- **Күйеу бала** (Küyeu bala) - Зять\r\n- **Құда** (Quda) - Сват\r\n\r\n## Полезные фразы\r\n\r\n- **Менің отбасым үлкен.** (Meniñ otbasym ülken.) - У меня большая семья\r\n- **Сіздің отбасыңызда кім бар?** (Sizdiñ otbasyñyzda kim bar?) - Кто входит в вашу семью?\r\n- **Менің екі ағам және бір әпкем бар.** (Meniñ yeki ağam jäne bir äpkem bar.) -У меня есть два старших брата и одна старшая сестра.", "video_url": null, "image": "", "order": 1, "is_published": true, "created_at": "2025-04-24T22:12:06.732Z", "updated_at": "2025-04-28T17:23:21.748Z", "slug": "family"}}, {"model": "lessons.question", "pk": 1, "fields": {"lesson": 1, "question_text": "How do you say \"Hello\" in Kazakh?", "question_text_ru": "Вопрос:Как сказать «Привет» на казахском языке?", "order": 1}}, {"model": "lessons.question", "pk": 2, "fields": {"lesson": 1, "question_text": "Which phrase means \"Thank you\" in Kazakh?", "question_text_ru": "Вопрос: Какая фраза на казахском языке означает «Спасибо»?", "order": 2}}, {"model": "lessons.question", "pk": 3, "fields": {"lesson": 1, "question_text": "How do you ask \"What is your name?\" in formal Kazakh?", "question_text_ru": "Вопрос: Как спросить «Как тебя зовут?» на официальном казахском языке?", "order": 3}}, {"model": "lessons.question", "pk": 4, "fields": {"lesson": 2, "question_text": "What is the Kazakh word for the number 5?", "question_text_ru": "Вопрос: Как по-казахски будет цифра 5?", "order": 1}}, {"model": "lessons.question", "pk": 5, "fields": {"lesson": 2, "question_text": "How do you say 18 in Kazakh?", "question_text_ru": "Вопрос: Как будет 18 по-казахски?", "order": 2}}, {"model": "lessons.question", "pk": 6, "fields": {"lesson": 2, "question_text": "Which of these numbers is \"Töрт\" in Kazakh?", "question_text_ru": "Вопрос: Какая из этих цифр будет «Тёрт» на казахском языке?", "order": 3}}, {"model": "lessons.question", "pk": 7, "fields": {"lesson": 3, "question_text": "What is the Kazakh word for \"Father\"?", "question_text_ru": "Как по-казахски будет «Отец»?", "order": 1}}, {"model": "lessons.question", "pk": 8, "fields": {"lesson": 3, "question_text": "Which word means \"Grandmother\" in Kazakh?", "question_text_ru": "Вопрос: Какое слово по-казахски означает «Бабушка»?", "order": 2}}, {"model": "lessons.question", "pk": 9, "fields": {"lesson": 3, "question_text": "What does \"Мениң отбасым үлкен\" mean?", "question_text_ru": "Вопрос: Что означает «Мениң отбасым үлкен»?", "order": 3}}, {"model": "lessons.answer", "pk": 1, "fields": {"question": 1, "answer_text": "Сәлем", "answer_text_ru": "Сәлем", "is_correct": true}}, {"model": "lessons.answer", "pk": 2, "fields": {"question": 1, "answer_text": "Рахмет", "answer_text_ru": "Рахмет", "is_correct": false}}, {"model": "lessons.answer", "pk": 3, "fields": {"question": 1, "answer_text": "Сау бол", "answer_text_ru": "Сау бол", "is_correct": false}}, {"model": "lessons.answer", "pk": 4, "fields": {"question": 1, "answer_text": "Иә", "answer_text_ru": "Иә", "is_correct": false}}, {"model": "lessons.answer", "pk": 5, "fields": {"question": 2, "answer_text": "Сәлем", "answer_text_ru": "Сәлем", "is_correct": false}}, {"model": "lessons.answer", "pk": 6, "fields": {"question": 2, "answer_text": "Рахмет", "answer_text_ru": "Рахмет", "is_correct": true}}, {"model": "lessons.answer", "pk": 7, "fields": {"question": 2, "answer_text": "Жоқ", "answer_text_ru": "Жоқ", "is_correct": false}}, {"model": "lessons.answer", "pk": 8, "fields": {"question": 2, "answer_text": "Өтінемін", "answer_text_ru": "Өтінемін", "is_correct": false}}, {"model": "lessons.answer", "pk": 9, "fields": {"question": 3, "answer_text": "Сенің атың кім?", "answer_text_ru": "Сенің атың кім?", "is_correct": false}}, {"model": "lessons.answer", "pk": 10, "fields": {"question": 3, "answer_text": "Менің атым...", "answer_text_ru": "Менің атым...", "is_correct": false}}, {"model": "lessons.answer", "pk": 11, "fields": {"question": 3, "answer_text": "Сіздің атыңыз кім?", "answer_text_ru": "Сіздің атыңыз кім?", "is_correct": true}}, {"model": "lessons.answer", "pk": 12, "fields": {"question": 3, "answer_text": "Танысқаныма қуаныштымын", "answer_text_ru": "Танысқаныма қуаныштымын", "is_correct": false}}, {"model": "lessons.answer", "pk": 13, "fields": {"question": 4, "answer_text": "Үш", "answer_text_ru": "Үш", "is_correct": false}}, {"model": "lessons.answer", "pk": 14, "fields": {"question": 4, "answer_text": "Бес", "answer_text_ru": "Бес", "is_correct": true}}, {"model": "lessons.answer", "pk": 15, "fields": {"question": 4, "answer_text": "Жеті", "answer_text_ru": "Жеті", "is_correct": false}}, {"model": "lessons.answer", "pk": 16, "fields": {"question": 4, "answer_text": "Тоғыз", "answer_text_ru": "Тоғыз", "is_correct": false}}, {"model": "lessons.answer", "pk": 17, "fields": {"question": 5, "answer_text": "Он алты", "answer_text_ru": "Он алты", "is_correct": false}}, {"model": "lessons.answer", "pk": 18, "fields": {"question": 5, "answer_text": "Жиырма", "answer_text_ru": "Жиырма", "is_correct": false}}, {"model": "lessons.answer", "pk": 19, "fields": {"question": 5, "answer_text": "Он сегіз", "answer_text_ru": "Он сегіз", "is_correct": true}}, {"model": "lessons.answer", "pk": 20, "fields": {"question": 5, "answer_text": "Сегіз", "answer_text_ru": "Сегіз", "is_correct": false}}, {"model": "lessons.answer", "pk": 21, "fields": {"question": 6, "answer_text": "2", "answer_text_ru": "2", "is_correct": false}}, {"model": "lessons.answer", "pk": 22, "fields": {"question": 6, "answer_text": "4", "answer_text_ru": "4", "is_correct": true}}, {"model": "lessons.answer", "pk": 23, "fields": {"question": 6, "answer_text": "6", "answer_text_ru": "6", "is_correct": false}}, {"model": "lessons.answer", "pk": 24, "fields": {"question": 6, "answer_text": "8", "answer_text_ru": "8", "is_correct": false}}, {"model": "lessons.answer", "pk": 25, "fields": {"question": 7, "answer_text": "Ана", "answer_text_ru": "Ана", "is_correct": false}}, {"model": "lessons.answer", "pk": 26, "fields": {"question": 7, "answer_text": "Әке", "answer_text_ru": "Әке", "is_correct": true}}, {"model": "lessons.answer", "pk": 27, "fields": {"question": 7, "answer_text": "Ата", "answer_text_ru": "Ата", "is_correct": false}}, {"model": "lessons.answer", "pk": 28, "fields": {"question": 7, "answer_text": "Ұл", "answer_text_ru": "Ұл", "is_correct": false}}, {"model": "lessons.answer", "pk": 29, "fields": {"question": 8, "answer_text": "Әже", "answer_text_ru": "Әже (по-русски)", "is_correct": true}}, {"model": "lessons.answer", "pk": 30, "fields": {"question": 8, "answer_text": "Ана", "answer_text_ru": "Ана (по-русски)", "is_correct": false}}, {"model": "lessons.answer", "pk": 31, "fields": {"question": 8, "answer_text": "Әпке", "answer_text_ru": "Әпке (по-русски)", "is_correct": false}}, {"model": "lessons.answer", "pk": 32, "fields": {"question": 8, "answer_text": "Келін", "answer_text_ru": "Келін (по-русски)", "is_correct": false}}, {"model": "lessons.answer", "pk": 33, "fields": {"question": 9, "answer_text": "My father is old", "answer_text_ru": "Мой отец старый", "is_correct": false}}, {"model": "lessons.answer", "pk": 34, "fields": {"question": 9, "answer_text": "I have many brothers", "answer_text_ru": "У меня много братьев", "is_correct": false}}, {"model": "lessons.answer", "pk": 35, "fields": {"question": 9, "answer_text": "My family is big", "answer_text_ru": "Моя семья большая", "is_correct": true}}, {"model": "lessons.answer", "pk": 36, "fields": {"question": 9, "answer_text": "My grandfather is tall", "answer_text_ru": "Мой дедушка высокий", "is_correct": false}}, {"model": "dictionary.category", "pk": 1, "fields": {"name": "Everyday", "name_ru": "Повседневные", "description": "Common everyday words", "description_ru": "Распространенные повседневные слова и выражения"}}, {"model": "dictionary.category", "pk": 2, "fields": {"name": "Numbers", "name_ru": "Числа", "description": "Numerical words and counting", "description_ru": "Числительные и счёт"}}, {"model": "dictionary.category", "pk": 3, "fields": {"name": "Food", "name_ru": "Еда", "description": "Words related to food and dining", "description_ru": "Слова, связанные с едой и приёмом пищи"}}, {"model": "dictionary.category", "pk": 4, "fields": {"name": "Family", "name_ru": "Семья", "description": "Family-related terminology", "description_ru": "Термины, связанные с семьёй и родственниками"}}, {"model": "dictionary.category", "pk": 5, "fields": {"name": "Travel", "name_ru": "Путешествия", "description": "Words useful for traveling", "description_ru": "Слова, полезные для путешествий"}}, {"model": "dictionary.category", "pk": 6, "fields": {"name": "Colors", "name_ru": "Цвета", "description": "Color-related vocabulary", "description_ru": "Лексика, связанная с цветом"}}, {"model": "dictionary.category", "pk": 7, "fields": {"name": "Time", "name_ru": "Время", "description": "Time-related words and phrases", "description_ru": "Слова и фразы, связанные со временем"}}, {"model": "dictionary.category", "pk": 8, "fields": {"name": "Greetings", "name_ru": "Приветствия", "description": "Greeting words and phrases", "description_ru": "Слова и фразы для приветствий"}}, {"model": "dictionary.word", "pk": 1, "fields": {"word_kz": "Сәлем", "word_en": "Hello", "word_ru": "Привет", "pronunciation": "Sälem", "definition": "A common greeting used to say hello", "definition_ru": "Приветственное слово при встрече", "example_kz": "Сәлем, қалың қалай?", "example_en": "Hello, how are you?", "example_ru": "Сәлем, қалың қалай?", "audio": "", "created_at": "2025-04-24T22:11:40.109Z", "categories": [8, 1]}}, {"model": "dictionary.word", "pk": 2, "fields": {"word_kz": "Қайырлы таң", "word_en": "Good morning", "word_ru": "хороший", "pronunciation": "Qaiyrly tang", "definition": "Morning greeting", "definition_ru": "Доброе утро", "example_kz": "Қайырлы таң, бүгін ауа-райы жақсы.", "example_en": "Good morning, the weather is good today.", "example_ru": "Пример: Good morning, the weather is good today.", "audio": "", "created_at": "2025-04-24T22:11:40.112Z", "categories": [8, 7]}}, {"model": "dictionary.word", "pk": 3, "fields": {"word_kz": "Қайырлы кеш", "word_en": "Good evening", "word_ru": "хороший", "pronunciation": "Qaiyrly kesh", "definition": "Evening greeting", "definition_ru": "Вечернее приветствие", "example_kz": "Қайырлы кеш, кешкі ас ішесіз бе?", "example_en": "Good evening, would you like dinner?", "example_ru": "Пример: Good evening, would you like dinner?", "audio": "", "created_at": "2025-04-24T22:11:40.115Z", "categories": [8, 7]}}, {"model": "dictionary.word", "pk": 4, "fields": {"word_kz": "Рахмет", "word_en": "Thank you", "word_ru": "спасибо", "pronunciation": "Rakhmet", "definition": "Expression of gratitude", "definition_ru": "Выражение благодарности", "example_kz": "Көмегіңіз үшін рахмет.", "example_en": "Thank you for your help.", "example_ru": "Пример: Thank you for your help.", "audio": "", "created_at": "2025-04-24T22:11:40.117Z", "categories": [8, 1]}}, {"model": "dictionary.word", "pk": 5, "fields": {"word_kz": "Бір", "word_en": "One", "word_ru": "Один", "pronunciation": "Bir", "definition": "The number 1", "definition_ru": "Число 1, единица при счёте", "example_kz": "Маған бір алма берші.", "example_en": "Please give me one apple.", "example_ru": "Маған бір кітап керек.", "audio": "", "created_at": "2025-04-24T22:11:40.118Z", "categories": [2]}}, {"model": "dictionary.word", "pk": 6, "fields": {"word_kz": "Екі", "word_en": "Two", "word_ru": "Два", "pronunciation": "Yeki", "definition": "The number 2", "definition_ru": "Число 2, следующее после одного", "example_kz": "Менің екі бауырым бар.", "example_en": "I have two brothers.", "example_ru": "Менде екі алма бар.", "audio": "", "created_at": "2025-04-24T22:11:40.120Z", "categories": [2]}}, {"model": "dictionary.word", "pk": 7, "fields": {"word_kz": "Үш", "word_en": "Three", "word_ru": "Три", "pronunciation": "Üsh", "definition": "The number 3", "definition_ru": "Определение: The number 3", "example_kz": "Үстелде үш кітап жатыр.", "example_en": "There are three books on the table.", "example_ru": "Пример: There are three books on the table.", "audio": "", "created_at": "2025-04-24T22:11:40.121Z", "categories": [2]}}, {"model": "dictionary.word", "pk": 8, "fields": {"word_kz": "Нан", "word_en": "Bread", "word_ru": "Хлеб", "pronunciation": "Nan", "definition": "Baked food made of flour", "definition_ru": "Пищевой продукт, выпекаемый из муки", "example_kz": "Дүкеннен нан сатып алдым.", "example_en": "I bought bread from the store.", "example_ru": "Мен нан сатып алдым.", "audio": "", "created_at": "2025-04-24T22:11:40.123Z", "categories": [3]}}, {"model": "dictionary.word", "pk": 9, "fields": {"word_kz": "Ет", "word_en": "Meat", "word_ru": "Мясо", "pronunciation": "Yet", "definition": "Flesh of an animal used as food", "definition_ru": "Мышечная ткань животных, употребляемая в пищу", "example_kz": "Бұл ет өте дәмді.", "example_en": "This meat is very tasty.", "example_ru": "Бұл дүкеннен ет сатып аламын.", "audio": "", "created_at": "2025-04-24T22:11:40.124Z", "categories": [3]}}, {"model": "dictionary.word", "pk": 10, "fields": {"word_kz": "Су", "word_en": "Water", "word_ru": "Вода", "pronunciation": "Su", "definition": "Clear liquid essential for life", "definition_ru": "Прозрачная жидкость, необходимая для жизни", "example_kz": "Маған бір стакан су беріңізші.", "example_en": "Please give me a glass of water.", "example_ru": "Маған су ішу керек.", "audio": "", "created_at": "2025-04-24T22:11:40.126Z", "categories": [3, 1]}}, {"model": "dictionary.word", "pk": 11, "fields": {"word_kz": "Ата", "word_en": "Grandfather", "word_ru": "Дедушка", "pronunciation": "Ata", "definition": "Father of one's father or mother", "definition_ru": "Отец матери или отца, предок", "example_kz": "Менің атам 80 жаста.", "example_en": "My grandfather is 80 years old.", "example_ru": "Менің атам ауылда тұрады.", "audio": "", "created_at": "2025-04-24T22:11:40.128Z", "categories": [4]}}, {"model": "dictionary.word", "pk": 12, "fields": {"word_kz": "Әже", "word_en": "Grandmother", "word_ru": "мать", "pronunciation": "Äje", "definition": "Mother of one's father or mother", "definition_ru": "Мать отца или матери", "example_kz": "Әжем маған ертегі айтып береді.", "example_en": "My grandmother tells me stories.", "example_ru": "Пример: My grandmother tells me stories.", "audio": "", "created_at": "2025-04-24T22:11:40.130Z", "categories": [4]}}, {"model": "dictionary.word", "pk": 13, "fields": {"word_kz": "Әке", "word_en": "Father", "word_ru": "Отец", "pronunciation": "Äke", "definition": "Male parent", "definition_ru": "Мужчина-родитель по отношению к своим детям", "example_kz": "Менің әкем мұғалім.", "example_en": "My father is a teacher.", "example_ru": "Менің әкем инженер.", "audio": "", "created_at": "2025-04-24T22:11:40.130Z", "categories": [4]}}, {"model": "dictionary.word", "pk": 14, "fields": {"word_kz": "Ана", "word_en": "Mother", "word_ru": "Мать", "pronunciation": "Ana", "definition": "Female parent", "definition_ru": "Женщина-родитель по отношению к своим детям", "example_kz": "Менің анам дәрігер.", "example_en": "My mother is a doctor.", "example_ru": "Менің анам дәрігер.", "audio": "", "created_at": "2025-04-24T22:11:40.130Z", "categories": [4]}}, {"model": "dictionary.word", "pk": 15, "fields": {"word_kz": "Қызыл", "word_en": "Red", "word_ru": "Красный", "pronunciation": "Qyzyl", "definition": "Color of blood or a ripe tomato", "definition_ru": "Цвет крови или спелого помидора", "example_kz": "Мен қызыл көйлек сатып алдым.", "example_en": "I bought a red dress.", "example_ru": "Пример: I bought a red dress.", "audio": "", "created_at": "2025-04-24T22:11:40.134Z", "categories": [6]}}, {"model": "dictionary.word", "pk": 16, "fields": {"word_kz": "Көк", "word_en": "Blue", "word_ru": "Синий", "pronunciation": "Kök", "definition": "Color of the sky or sea", "definition_ru": "Цвет неба или моря", "example_kz": "Аспан көк.", "example_en": "The sky is blue.", "example_ru": "Пример: The sky is blue.", "audio": "", "created_at": "2025-04-24T22:11:40.136Z", "categories": [6]}}, {"model": "dictionary.word", "pk": 17, "fields": {"word_kz": "Жасыл", "word_en": "Green", "word_ru": "Зеленный", "pronunciation": "Jasyl", "definition": "Color of grass or leaves", "definition_ru": "Определение: Color of grass or leaves", "example_kz": "Жапырақтар жасыл.", "example_en": "The leaves are green.", "example_ru": "Пример: The leaves are green.", "audio": "", "created_at": "2025-04-24T22:11:40.137Z", "categories": [6]}}, {"model": "users.customuser", "pk": 1, "fields": {"password": "pbkdf2_sha256$600000$XXgeLWNoP3NRdnL8PeSjSq$dVciE1KlI0ao5aPfLYfKGuIuDHybEZnYUx8g7NLUNCI=", "last_login": null, "is_superuser": false, "username": "amergen666", "first_name": "", "last_name": "", "is_staff": false, "is_active": true, "date_joined": "2025-04-24T22:02:16.390Z", "email": "amergen666@gmail.com", "avatar": "", "dark_mode": false, "theme": "light", "language": "en", "groups": [], "user_permissions": []}}, {"model": "users.customuser", "pk": 3, "fields": {"password": "pbkdf2_sha256$600000$oSSVGjZYUTVbpztbZL6hWV$vZP97kvowLUqzl+irHCBT8vV7E9ctP8LEIvwpz7rpPY=", "last_login": "2025-04-24T22:04:54.040Z", "is_superuser": false, "username": "amergen", "first_name": "", "last_name": "", "is_staff": false, "is_active": true, "date_joined": "2025-04-24T22:04:53.843Z", "email": "amergen777@gmail.com", "avatar": "", "dark_mode": true, "theme": "dark", "language": "en", "groups": [], "user_permissions": []}}, {"model": "users.customuser", "pk": 4, "fields": {"password": "pbkdf2_sha256$600000$FCoR0Rkoq70pbfIh0MkY4D$mYrC6RZzTf43yAWUoFd6cnSbC5r/tnqcpKUFED20j9g=", "last_login": "2025-04-28T10:10:31.440Z", "is_superuser": true, "username": "admin", "first_name": "", "last_name": "", "is_staff": true, "is_active": true, "date_joined": "2025-04-24T22:19:23.159Z", "email": "admin@gmail.com", "avatar": "", "dark_mode": true, "theme": "dark", "language": "ru", "groups": [], "user_permissions": []}}, {"model": "users.userprogress", "pk": 1, "fields": {"user": 3, "lesson": 1, "completed": true, "score": 33, "date_completed": "2025-04-24T22:12:40.798Z"}}, {"model": "users.userprogress", "pk": 2, "fields": {"user": 4, "lesson": 1, "completed": true, "score": 33, "date_completed": "2025-04-26T07:24:50.954Z"}}, {"model": "users.savedword", "pk": 2, "fields": {"user": 4, "word": 5, "date_added": "2025-04-26T07:24:39.926Z"}}]